0.26,-0.35,9.97,0.1
0.29,-0.38,10.06,0.2
0.28,-0.38,10.09,0.3
0.26,-0.41,10.06,0.4
0.25,-0.42,10.04,0.5
0.25,-0.44,10.04,0.6
0.28,-0.44,10.01,0.7
0.28,-0.4,9.99,0.8
0.28,-0.42,10.04,0.9
0.25,-0.41,10.07,1
0.28,-0.41,10.01,1.1
0.29,-0.4,10.02,1.2
0.25,-0.36,10.09,1.3
0.27,-0.36,10.06,1.4
0.25,-0.4,10.03,1.5
0.27,-0.41,10.03,1.6
0.29,-0.4,10.02,1.7
0.25,-0.41,10.05,1.8
0.22,-0.4,10.03,1.9
0.25,-0.37,10.03,2
0.24,-0.39,10.06,2.1
0.23,-0.4,10.06,2.2
0.25,-0.39,10.03,2.3
0.32,-0.4,10.06,2.4
0.25,-0.4,10.06,2.5
0.21,-0.41,10.07,2.6
0.26,-0.45,10.07,2.7
0.27,-0.41,10.1,2.8
0.26,-0.43,10.04,2.9
0.27,-0.45,10.05,3
0.25,-0.41,10.07,3.1
0.25,-0.41,10.02,3.2
0.24,-0.41,10.02,3.3
0.24,-0.44,10.07,3.4
0.24,-0.42,10.05,3.5
0.23,-0.45,10.06,3.6
0.26,-0.39,10.03,3.7
0.24,-0.41,9.99,3.8
0.26,-0.39,10.03,3.9
0.28,-0.41,10.1,4
0.28,-0.4,10.01,4.1
0.26,-0.42,10.09,4.2
0.25,-0.42,10.01,4.3
0.29,-0.39,10.02,4.4
0.25,-0.35,10.07,4.5
0.26,-0.41,10.07,4.6
0.28,-0.38,10.07,4.7
0.29,-0.34,10.04,4.8
0.28,-0.42,10.05,4.9
0.26,-0.38,10.01,5
0.3,-0.38,10.06,5.1
0.3,-0.36,10,5.2
0.28,-0.37,10.07,5.3
0.27,-0.37,10.06,5.4
0.27,-0.34,10.04,5.5
0.25,-0.39,10.06,5.6
0.25,-0.42,10.05,5.7
0.25,-0.42,10.02,5.8
0.22,-0.41,10.05,5.9
0.26,-0.38,10.05,6
0.28,-0.39,10.02,6.1
0.25,-0.41,10.08,6.2
0.25,-0.41,10.04,6.3
0.25,-0.44,10.05,6.4
0.28,-0.42,10,6.5
0.25,-0.38,10.06,6.6
0.25,-0.39,10.01,6.7
0.25,-0.4,10.05,6.8
0.24,-0.41,10.08,6.9
0.33,-0.36,10.02,7
0.27,-0.39,10.06,7.1
0.26,-0.38,10.1,7.2
0.26,-0.44,9.98,7.3
0.26,-0.43,10.04,7.4
0.27,-0.43,10.08,7.5
0.25,-0.41,9.99,7.6
0.25,-0.44,10.03,7.7
0.25,-0.41,10.02,7.8
0.24,-0.42,10.07,7.9
0.28,-0.39,10.09,8
0.26,-0.39,10.06,8.1
0.25,-0.41,10.06,8.2
0.27,-0.41,10.06,8.3
0.24,-0.4,10.06,8.4
0.27,-0.43,10.08,8.5
0.26,-0.4,10.02,8.6
0.27,-0.42,10.05,8.7
0.27,-0.45,10.04,8.8
0.26,-0.44,10.07,8.9
0.27,-0.45,10.04,9
0.25,-0.43,10.03,9.1
0.26,-0.4,10.07,9.2
0.24,-0.4,10.07,9.3
0.26,-0.42,10.07,9.4
0.26,-0.41,10.07,9.5
0.22,-0.4,10.08,9.6
0.27,-0.43,10.1,9.7
0.26,-0.42,10.04,9.8
0.25,-0.39,10.06,9.9
0.25,-0.39,10.06,10
0.25,-0.39,10,10.1
0.28,-0.39,9.99,10.2
0.23,-0.39,10.08,10.3
0.25,-0.4,10.05,10.4
0.25,-0.37,10.06,10.5
0.25,-0.36,10.03,10.6
0.27,-0.41,10.02,10.7
0.28,-0.39,10.01,10.8
0.28,-0.4,10.05,10.9
0.25,-0.41,10.02,11
0.29,-0.4,10.05,11.1
0.25,-0.4,10.06,11.2
0.25,-0.43,9.98,11.3
0.27,-0.4,9.99,11.4
0.27,-0.41,10.02,11.5
0.27,-0.44,10.03,11.6
0.25,-0.45,10.03,11.7
0.23,-0.41,10.04,11.8
0.25,-0.4,10.06,11.9
0.27,-0.44,10.02,12
0.27,-0.41,10.03,12.1
0.25,-0.4,10.04,12.2
0.25,-0.4,10.01,12.3
0.25,-0.39,10.04,12.4
0.25,-0.41,10.06,12.5
0.26,-0.38,10.02,12.6
0.25,-0.41,10.06,12.7
0.25,-0.4,10.07,12.8
0.27,-0.4,10.07,12.9
0.24,-0.41,9.99,13
0.28,-0.43,10.05,13.1
0.28,-0.43,10.04,13.2
0.28,-0.42,10.04,13.3
0.28,-0.43,10.05,13.4
0.25,-0.38,10.01,13.5
0.31,-0.43,10.06,13.6
0.27,-0.47,10.05,13.7
0.25,-0.42,10.07,13.8
0.26,-0.39,10.19,13.9
0.24,-0.39,10.11,14
0.25,-0.39,10.1,14.1
0.27,-0.36,10.03,14.2
0.25,-0.4,10.05,14.3
0.23,-0.37,10.06,14.4
0.25,-0.39,10.05,14.5
0.25,-0.38,10.08,14.6
0.27,-0.41,10.08,14.7
0.27,-0.42,10.04,14.8
0.24,-0.41,10,14.9
0.25,-0.39,10.05,15
0.25,-0.42,10.02,15.1
0.26,-0.4,10.05,15.2
0.22,-0.43,9.99,15.3
0.24,-0.4,10.06,15.4
0.25,-0.4,10.01,15.5
0.25,-0.41,10.02,15.6
0.26,-0.41,10.05,15.7
0.27,-0.39,10.01,15.8
0.27,-0.42,10.05,15.9
0.27,-0.44,10.04,16
0.25,-0.38,10.04,16.1
0.27,-0.43,9.99,16.2
0.27,-0.43,10.03,16.3
0.26,-0.44,10.04,16.4
0.25,-0.41,10.05,16.5
0.25,-0.41,10.01,16.6
0.25,-0.37,10.03,16.7
0.24,-0.36,10.01,16.8
0.29,-0.4,10.02,16.9
0.28,-0.44,10.05,17
0.28,-0.39,10.03,17.1
0.25,-0.42,10.07,17.2
0.21,-0.43,10.08,17.3
0.26,-0.42,10.06,17.4
0.29,-0.41,10.06,17.5
0.27,-0.42,10.01,17.6
0.24,-0.43,10.09,17.7
0.27,-0.42,10.07,17.8
0.29,-0.37,10.03,17.9
0.28,-0.39,10.06,18
0.28,-0.35,10.06,18.1
0.25,-0.44,10.07,18.2
0.24,-0.42,10.08,18.3
0.24,-0.42,10.03,18.4
0.25,-0.41,9.97,18.5
0.28,-0.41,10.06,18.6
0.26,-0.39,10.13,18.7
0.3,-0.41,10.05,18.8
0.25,-0.37,10.03,18.9
0.23,-0.4,10.07,19
0.27,-0.42,10.04,19.1
0.27,-0.4,9.97,19.2
0.23,-0.43,10.1,19.3
0.24,-0.43,10,19.4
0.24,-0.42,10.03,19.5
0.23,-0.44,10.07,19.6
0.27,-0.43,10.04,19.7
0.25,-0.45,10.08,19.8
0.27,-0.44,10.01,19.9
0.24,-0.43,10.06,20
0.26,-0.38,10.01,20.1
0.27,-0.41,9.96,20.2
0.31,-0.44,10.02,20.3
0.26,-0.43,10.07,20.4
0.26,-0.4,10.05,20.5
0.29,-0.41,10.03,20.6
0.29,-0.41,10.05,20.7
0.11,-0.47,9.94,20.8
0.18,-0.45,10.18,20.9
0.22,-0.42,10.09,21
0.23,-0.37,10.08,21.1
0.24,-0.39,10.05,21.2
0.27,-0.41,10.03,21.3
0.24,-0.43,10.03,21.4
0.23,-0.41,10.04,21.5
0.23,-0.4,10.03,21.6
0.25,-0.42,10.03,21.7
0.22,-0.44,10.06,21.8
0.24,-0.41,10,21.9
0.26,-0.42,10.03,22
0.27,-0.45,10.04,22.1
0.22,-0.43,10.06,22.2
0.25,-0.4,10.03,22.3
0.25,-0.35,10.02,22.4
0.26,-0.39,10.01,22.5
0.25,-0.37,10,22.6
0.25,-0.41,10.01,22.7
0.26,-0.39,10.05,22.8
0.28,-0.41,10.07,22.9
0.28,-0.38,10.04,23
0.27,-0.42,10.08,23.1
0.27,-0.41,10.03,23.2
0.23,-0.41,10.06,23.3
0.27,-0.41,10.09,23.4
0.23,-0.43,10.02,23.5
0.23,-0.42,10,23.6
0.26,-0.44,9.98,23.7
0.28,-0.4,10.02,23.8
0.28,-0.4,10.05,23.9
0.26,-0.41,10.08,24
0.27,-0.4,10.05,24.1
0.28,-0.4,10.07,24.2
0.27,-0.39,10.11,24.3
0.24,-0.4,10,24.4
0.25,-0.4,10.07,24.5
0.25,-0.38,10.06,24.6
0.23,-0.39,10.05,24.7
0.25,-0.39,10.03,24.8
0.24,-0.42,10.03,24.9
0.23,-0.41,10.01,25
0.25,-0.41,9.99,25.1
0.24,-0.43,10.08,25.2
0.26,-0.4,10.04,25.3
0.26,-0.37,10.08,25.4
0.3,-0.41,10.08,25.5
0.26,-0.39,10.05,25.6
0.27,-0.41,10.05,25.7
0.29,-0.4,10.04,25.8
0.25,-0.4,10.04,25.9
0.29,-0.41,10.01,26
0.26,-0.4,10.05,26.1
0.25,-0.39,10.06,26.2
0.27,-0.44,10.03,26.3
0.26,-0.4,10.06,26.4
0.27,-0.4,10.07,26.5
0.23,-0.41,10,26.6
0.25,-0.42,10.04,26.7
0.25,-0.38,10.05,26.8
0.25,-0.43,10.01,26.9
0.24,-0.41,10.05,27
0.28,-0.43,10.05,27.1
0.25,-0.38,10,27.2
0.25,-0.42,10.01,27.3
0.25,-0.45,9.99,27.4
0.23,-0.44,10.01,27.5
0.24,-0.39,10.06,27.6
0.25,-0.4,9.97,27.7
0.29,-0.35,10,27.8
0.26,-0.4,10.03,27.9
0.25,-0.39,10.03,28
0.24,-0.41,10,28.1
0.23,-0.39,10.02,28.2
0.25,-0.4,10.02,28.3
0.25,-0.41,10.05,28.4
0.25,-0.43,10.05,28.5
0.24,-0.43,10.04,28.6
0.21,-0.4,10.05,28.7
0.26,-0.41,10.07,28.8
0.2,-0.44,10.04,28.9
0.24,-0.43,10.08,29
0.27,-0.43,10.1,29.1
0.25,-0.43,10.07,29.2
0.27,-0.41,10.07,29.3
0.27,-0.41,10.04,29.4
0.26,-0.42,10.03,29.5
0.27,-0.43,10.05,29.6
0.25,-0.45,10.06,29.7
0.25,-0.4,10.05,29.8
0.22,-0.38,10.06,29.9
0.25,-0.42,10.03,30
0.26,-0.39,10.01,30.1
0.23,-0.38,10.06,30.2
0.25,-0.42,10.07,30.3
0.25,-0.41,10.04,30.4
0.26,-0.39,10.05,30.5
0.29,-0.43,10.09,30.6
0.26,-0.41,10.05,30.7
0.25,-0.44,10.02,30.8
0.27,-0.38,10.05,30.9
0.25,-0.4,10.05,31
0.29,-0.4,10.06,31.1
0.28,-0.42,10.07,31.2
0.29,-0.42,10.05,31.3
0.29,-0.43,10.02,31.4
0.26,-0.44,10.02,31.5
0.26,-0.4,10.01,31.6
0.23,-0.37,10.05,31.7
0.25,-0.45,10.05,31.8
0.25,-0.44,10.07,31.9
0.24,-0.41,10.02,32
0.25,-0.42,10.04,32.1
0.24,-0.38,10,32.2
0.25,-0.41,10.09,32.3
0.25,-0.41,10.05,32.4
0.25,-0.42,10.06,32.5
0.26,-0.4,10.05,32.6
0.27,-0.42,10.01,32.7
0.25,-0.4,9.98,32.8
0.26,-0.39,10,32.9
0.25,-0.36,10.03,33
0.25,-0.4,10.03,33.1
0.25,-0.43,9.99,33.2
0.19,-0.41,10.02,33.3
0.25,-0.45,10.01,33.4
0.24,-0.44,10.06,33.5
0.23,-0.41,9.99,33.6
0.28,-0.43,10,33.7
0.26,-0.43,9.98,33.8
0.26,-0.41,9.98,33.9
0.25,-0.42,10.04,34
0.25,-0.41,10.04,34.1
0.28,-0.36,10.02,34.2
0.27,-0.43,10.03,34.3
0.27,-0.39,10.04,34.4
0.25,-0.41,10.03,34.5
0.25,-0.42,10.04,34.6
0.25,-0.42,10.04,34.7
0.29,-0.39,10.05,34.8
0.27,-0.42,10.06,34.9
0.25,-0.42,10.07,35
0.26,-0.4,10.01,35.1
0.25,-0.4,10.03,35.2
0.25,-0.43,10.03,35.3
0.28,-0.46,10.05,35.4
0.28,-0.42,10.07,35.5
0.23,-0.4,10.02,35.6
0.21,-0.37,10.07,35.7
0.23,-0.41,10.03,35.8
0.25,-0.4,10.03,35.9
0.26,-0.39,9.99,36
0.26,-0.39,10.01,36.1
0.28,-0.37,10.02,36.2
0.25,-0.38,10,36.3
0.26,-0.42,10.04,36.4
0.29,-0.4,10.03,36.5
0.25,-0.41,10.07,36.6
0.26,-0.38,10.04,36.7
0.28,-0.4,10.06,36.8
0.28,-0.4,10.05,36.9
0.28,-0.4,10.07,37
0.29,-0.41,10.06,37.1
0.25,-0.35,10.05,37.2
0.25,-0.39,9.98,37.3
0.26,-0.44,9.99,37.4
0.28,-0.43,10.01,37.5
0.26,-0.41,10.04,37.6
0.24,-0.36,10.12,37.7
0.25,-0.41,10.08,37.8
0.23,-0.41,10.08,37.9
0.26,-0.4,10.05,38
0.25,-0.41,10.06,38.1
0.27,-0.45,10.02,38.2
0.24,-0.41,9.97,38.3
0.27,-0.4,10.06,38.4
0.25,-0.41,10.02,38.5
0.22,-0.42,10.02,38.6
0.25,-0.44,10.11,38.7
0.27,-0.41,10.06,38.8
0.25,-0.42,10.05,38.9
0.28,-0.38,10.09,39
0.27,-0.41,10.05,39.1
0.26,-0.43,10.08,39.2
0.25,-0.42,10.05,39.3
0.26,-0.43,10.05,39.4
0.26,-0.44,10.04,39.5
0.26,-0.41,9.98,39.6
0.25,-0.42,10.03,39.7
0.29,-0.44,10.04,39.8
0.3,-0.41,10.06,39.9
0.27,-0.4,10.02,40
0.26,-0.4,10.06,40.1
0.27,-0.41,10.09,40.2
0.25,-0.42,10.04,40.3
0.25,-0.44,10.07,40.4
0.27,-0.39,10.06,40.5
0.25,-0.37,10.06,40.6
0.26,-0.4,10.01,40.7
0.24,-0.39,10.01,40.8
0.22,-0.4,10.03,40.9
0.28,-0.4,10.08,41
0.29,-0.42,10.02,41.1
0.27,-0.42,10.01,41.2
0.24,-0.42,10.02,41.3
0.25,-0.46,10.05,41.4
0.24,-0.4,10.06,41.5
0.26,-0.39,10.06,41.6
0.22,-0.35,9.96,41.7
0.23,-0.39,10.03,41.8
0.25,-0.4,9.99,41.9
0.26,-0.4,10.01,42
0.25,-0.43,10.01,42.1
0.25,-0.43,10.08,42.2
0.26,-0.4,10.07,42.3
0.25,-0.37,10.06,42.4
0.25,-0.41,10.06,42.5
0.25,-0.41,10.06,42.6
0.23,-0.4,10.04,42.7
0.24,-0.43,10.08,42.8
0.23,-0.4,10.06,42.9
0.24,-0.38,10.04,43
0.27,-0.4,10.03,43.1
0.24,-0.43,10.05,43.2
0.22,-0.39,10,43.3
0.24,-0.38,10.02,43.4
0.22,-0.4,10.05,43.5
0.27,-0.39,10.05,43.6
0.26,-0.4,10.07,43.7
0.23,-0.41,10.04,43.8
0.24,-0.41,10.03,43.9
0.24,-0.44,10.04,44
0.28,-0.42,10.04,44.1
0.29,-0.38,10.02,44.2
0.29,-0.4,10.03,44.3
0.29,-0.42,10.02,44.4
0.25,-0.43,9.99,44.5
0.23,-0.41,10,44.6
0.26,-0.4,10,44.7
0.24,-0.4,10.03,44.8
0.25,-0.41,9.97,44.9
0.24,-0.41,10.01,45
0.28,-0.42,10.04,45.1
0.25,-0.39,10.08,45.2
0.25,-0.41,10.05,45.3
0.23,-0.41,10.13,45.4
0.24,-0.41,10.1,45.5
0.25,-0.42,9.99,45.6
0.26,-0.43,10.04,45.7
0.27,-0.41,10.02,45.8
0.25,-0.39,10.03,45.9
0.23,-0.43,10.04,46
0.25,-0.42,10.04,46.1
0.27,-0.42,9.99,46.2
0.25,-0.44,10.07,46.3
0.25,-0.4,10.04,46.4
0.23,-0.41,10.04,46.5
0.25,-0.39,10.02,46.6
0.23,-0.39,10.02,46.7
0.24,-0.4,10.03,46.8
0.24,-0.42,10.02,46.9
0.25,-0.45,10.07,47
0.23,-0.4,10.05,47.1
0.24,-0.38,10.12,47.2
0.25,-0.43,10.14,47.3
0.25,-0.4,10.09,47.4
0.27,-0.41,10.05,47.5
0.25,-0.39,10.05,47.6
0.27,-0.38,10.06,47.7
0.27,-0.4,10.03,47.8
0.26,-0.44,10.04,47.9
0.25,-0.41,10.01,48
0.28,-0.36,10.05,48.1
0.28,-0.4,10.03,48.2
0.28,-0.4,10.04,48.3
0.25,-0.39,10.05,48.4
0.25,-0.4,10.06,48.5
0.46,-0.31,9.79,48.6
0.31,-0.3,9.78,48.7
0.27,-0.39,10.03,48.8
0.27,-0.38,10.02,48.9
0.26,-0.42,10.01,49
0.28,-0.39,10.04,49.1
0.25,-0.37,10.07,49.2
0.29,-0.39,10.07,49.3
0.28,-0.42,10.06,49.4
0.26,-0.46,10.01,49.5
0.25,-0.39,10.05,49.6
0.26,-0.4,10.07,49.7
0.27,-0.38,10.09,49.8
0.26,-0.39,10.1,49.9
0.25,-0.41,10.1,50
0.25,-0.41,10.04,50.1
0.25,-0.43,10.03,50.2
0.26,-0.43,10.05,50.3
0.27,-0.43,10.03,50.4
0.26,-0.43,10.07,50.5
0.24,-0.39,9.98,50.6
0.26,-0.39,10.03,50.7
0.25,-0.41,10,50.8
0.25,-0.42,10.01,50.9
0.26,-0.4,10.04,51
0.27,-0.44,10,51.1
0.25,-0.45,10.01,51.2
0.25,-0.42,10.09,51.3
0.25,-0.41,10,51.4
0.25,-0.41,10.02,51.5
0.21,-0.4,10.09,51.6
0.25,-0.4,10.03,51.7
0.25,-0.39,10.04,51.8
0.27,-0.42,10.02,51.9
0.27,-0.39,10.05,52
0.29,-0.4,10.06,52.1
0.27,-0.36,10.05,52.2
0.25,-0.42,10.04,52.3
0.24,-0.38,10.01,52.4
0.28,-0.39,10.06,52.5
0.26,-0.4,10.05,52.6
0.29,-0.39,10.08,52.7
0.29,-0.38,10.06,52.8
0.25,-0.39,10.07,52.9
0.26,-0.41,10.04,53
0.27,-0.41,10.03,53.1
0.27,-0.43,10.01,53.2
0.25,-0.41,10.01,53.3
0.25,-0.41,10.02,53.4
0.25,-0.39,10.06,53.5
0.25,-0.43,10.01,53.6
0.26,-0.41,10.02,53.7
0.25,-0.4,9.99,53.8
0.25,-0.39,10.06,53.9
0.26,-0.41,10.03,54
0.27,-0.39,10.05,54.1
0.26,-0.38,10.07,54.2
0.26,-0.42,10.04,54.3
0.26,-0.43,9.98,54.4
0.25,-0.42,9.99,54.5
0.27,-0.37,10.03,54.6
0.26,-0.37,10.06,54.7
0.29,-0.39,10.08,54.8
0.25,-0.4,10.08,54.9
0.27,-0.44,10.02,55
0.25,-0.41,10.04,55.1
0.26,-0.43,9.98,55.2
0.24,-0.4,10.08,55.3
0.24,-0.39,10.07,55.4
0.44,-0.46,9.58,55.5
0.32,-0.49,9.82,55.6
0.29,-0.38,9.99,55.7
0.25,-0.36,9.99,55.8
0.24,-0.43,10.05,55.9
0.24,-0.4,10.06,56
0.26,-0.41,10,56.1
0.26,-0.44,10.05,56.2
0.26,-0.41,10.07,56.3
0.25,-0.42,10.03,56.4
0.22,-0.4,10.04,56.5
0.24,-0.39,10.05,56.6
0.25,-0.38,10.06,56.7
0.24,-0.4,10.05,56.8
0.26,-0.38,10.06,56.9
0.27,-0.4,10.03,57
0.27,-0.42,10.05,57.1
0.25,-0.41,10.04,57.2
0.25,-0.43,10.1,57.3
0.25,-0.34,10.13,57.4
0.25,-0.36,10.08,57.5
0.27,-0.38,10.02,57.6
0.27,-0.41,10.06,57.7
0.3,-0.4,10.02,57.8
0.28,-0.42,10.03,57.9
0.25,-0.42,10.05,58
0.27,-0.41,10.04,58.1
0.25,-0.39,10.07,58.2
0.25,-0.41,10.04,58.3
0.25,-0.4,10.01,58.4
0.25,-0.41,10.08,58.5
0.29,-0.44,10.07,58.6
0.26,-0.43,10.06,58.7
0.26,-0.41,10.02,58.8
0.28,-0.4,10.04,58.9
0.26,-0.43,10.03,59
0.24,-0.41,10.02,59.1
0.21,-0.41,10.03,59.2
0.24,-0.4,10.02,59.3
0.21,-0.42,10.05,59.4
0.23,-0.41,10.03,59.5
0.27,-0.41,10.01,59.6
0.25,-0.42,10,59.7
0.25,-0.4,10.05,59.8
0.23,-0.42,10.06,59.9
0.27,-0.41,10,60
0.25,-0.39,10.01,60.1
0.25,-0.42,10.08,60.2
0.25,-0.38,10.04,60.3
0.26,-0.39,10.01,60.4
0.26,-0.41,10.03,60.5
0.25,-0.41,10.02,60.6
0.26,-0.41,10.02,60.7
0.27,-0.42,10.03,60.8
0.25,-0.4,9.99,60.9
0.26,-0.38,9.99,61
0.26,-0.39,10,61.1
0.28,-0.39,10.07,61.2
0.24,-0.37,10.03,61.3
0.26,-0.38,10.05,61.4
0.24,-0.4,10.04,61.5
0.25,-0.39,10.03,61.6
0.26,-0.45,10.05,61.7
0.26,-0.37,10.05,61.8
0.26,-0.41,10.06,61.9
0.28,-0.43,10.09,62
0.25,-0.43,10.04,62.1
0.23,-0.42,10.02,62.2
0.23,-0.38,10.04,62.3
0.45,-0.35,9.7,62.4
0.33,-0.47,9.99,62.5
0.27,-0.43,10.03,62.6
0.26,-0.44,10.04,62.7
0.25,-0.4,10.07,62.8
0.25,-0.41,10.08,62.9
0.25,-0.4,10.09,63
0.25,-0.38,10.04,63.1
0.3,-0.45,10.07,63.2
0.28,-0.43,10.05,63.3
0.25,-0.41,10.06,63.4
0.28,-0.36,10.02,63.5
0.26,-0.37,10.07,63.6
0.27,-0.43,10.04,63.7
0.27,-0.37,10.02,63.8
0.26,-0.39,10.02,63.9
0.26,-0.38,10.07,64
0.25,-0.4,10.06,64.1
0.29,-0.4,10.06,64.2
0.26,-0.43,10.02,64.3
0.28,-0.4,10.01,64.4
0.26,-0.4,10.02,64.5
0.25,-0.42,10.06,64.6
0.23,-0.43,10.07,64.7
0.23,-0.39,10.09,64.8
0.24,-0.43,10.06,64.9
0.25,-0.42,10.05,65
0.23,-0.44,10.03,65.1
0.26,-0.4,10.06,65.2
0.25,-0.41,10.01,65.3
0.26,-0.4,10.05,65.4
0.25,-0.41,10.05,65.5
0.24,-0.42,10.07,65.6
0.24,-0.41,10.06,65.7
0.23,-0.41,10.07,65.8
0.24,-0.4,10,65.9
0.24,-0.4,10.02,66
0.24,-0.42,10.03,66.1
0.24,-0.41,10.07,66.2
0.27,-0.41,10.06,66.3
0.26,-0.42,10.04,66.4
0.25,-0.4,10.02,66.5
0.26,-0.43,9.99,66.6
0.26,-0.46,10.02,66.7
0.3,-0.42,9.99,66.8
0.28,-0.44,10.02,66.9
0.25,-0.45,10.07,67
0.31,-0.44,10.06,67.1
0.28,-0.44,10.08,67.2
0.26,-0.38,10.04,67.3
0.27,-0.38,10.02,67.4
0.24,-0.41,10.02,67.5
0.27,-0.41,10.02,67.6
0.28,-0.44,10.08,67.7
0.29,-0.42,10.03,67.8
0.25,-0.41,10.03,67.9
0.25,-0.4,10,68
0.24,-0.39,10.04,68.1
0.23,-0.37,10.04,68.2
0.25,-0.39,10.01,68.3
0.22,-0.42,10.07,68.4
0.24,-0.38,10.04,68.5
0.25,-0.4,10.04,68.6
0.28,-0.43,10.06,68.7
0.28,-0.42,10,68.8
0.25,-0.45,10.07,68.9
0.25,-0.37,10.14,69
0.28,-0.39,10.13,69.1
0.27,-0.36,10.09,69.2
0.25,-0.34,10.3,69.3
0.35,-0.4,9.9,69.4
0.28,-0.41,9.98,69.5
0.31,-0.39,10.05,69.6
0.28,-0.41,10.02,69.7
0.25,-0.42,10.06,69.8
0.21,-0.43,10,69.9
0.25,-0.4,10.02,70
0.25,-0.39,10.04,70.1
0.25,-0.42,10.04,70.2
0.26,-0.39,9.97,70.3
0.27,-0.41,10.03,70.4
0.25,-0.43,10.02,70.5
0.27,-0.42,10.03,70.6
0.28,-0.41,10.02,70.7
0.26,-0.41,10.02,70.8
0.22,-0.37,10.05,70.9
0.23,-0.36,10.06,71
0.24,-0.37,10.04,71.1
0.23,-0.4,10.03,71.2
0.25,-0.42,10.05,71.3
0.26,-0.4,10.08,71.4
0.24,-0.41,10.03,71.5
0.24,-0.45,10.02,71.6
0.25,-0.42,10.05,71.7
0.23,-0.39,10.02,71.8
0.24,-0.39,10.02,71.9
0.24,-0.4,10.03,72
0.27,-0.4,10.07,72.1
0.29,-0.43,10.09,72.2
0.25,-0.43,9.99,72.3
0.27,-0.42,10.05,72.4
0.28,-0.4,10.02,72.5
0.32,-0.4,10.03,72.6
0.28,-0.43,10.03,72.7
0.26,-0.45,10.05,72.8
0.23,-0.4,10.02,72.9
0.26,-0.39,10.02,73
0.26,-0.4,10.01,73.1
0.28,-0.4,10.07,73.2
0.26,-0.41,10.04,73.3
0.25,-0.42,10.06,73.4
0.25,-0.38,10.03,73.5
0.25,-0.43,10.07,73.6
0.24,-0.38,10.04,73.7
0.24,-0.44,10.04,73.8
0.26,-0.4,10.03,73.9
0.27,-0.37,10.02,74
0.28,-0.4,10.03,74.1
0.25,-0.38,10.09,74.2
0.27,-0.44,10.05,74.3
0.25,-0.44,10.03,74.4
0.23,-0.43,10.06,74.5
0.27,-0.42,10.03,74.6
0.25,-0.46,10.04,74.7
0.27,-0.4,10.13,74.8
0.25,-0.4,10.08,74.9
0.25,-0.41,10.08,75
0.29,-0.39,10.05,75.1
0.25,-0.45,10.02,75.2
0.28,-0.41,10.02,75.3
0.25,-0.38,10.05,75.4
0.26,-0.41,10,75.5
0.24,-0.39,10.09,75.6
0.25,-0.38,10.12,75.7
0.27,-0.41,10.03,75.8
0.26,-0.39,10.04,75.9
0.27,-0.4,10.05,76
0.25,-0.41,10.07,76.1
0.13,-0.46,10.35,76.2
0.3,-0.44,10.29,76.3
0.25,-0.39,10.11,76.4
0.25,-0.44,10.05,76.5
0.25,-0.44,10,76.6
0.26,-0.4,10.07,76.7
0.27,-0.37,10.07,76.8
0.25,-0.4,10.06,76.9
0.27,-0.41,10.08,77
0.26,-0.39,10.08,77.1
0.29,-0.41,10.05,77.2
0.29,-0.36,10.02,77.3
0.27,-0.4,10.01,77.4
0.28,-0.39,10.02,77.5
0.25,-0.41,10.01,77.6
0.25,-0.43,10.04,77.7
0.25,-0.42,10.05,77.8
0.25,-0.41,10.06,77.9
0.28,-0.39,10.07,78
0.25,-0.41,10.08,78.1
0.24,-0.39,10.05,78.2
0.25,-0.42,10.02,78.3
0.27,-0.42,10.02,78.4
0.25,-0.41,9.99,78.5
0.24,-0.39,10.04,78.6
0.24,-0.43,10.08,78.7
0.3,-0.4,10.06,78.8
0.3,-0.39,10.01,78.9
0.27,-0.45,10.02,79
0.27,-0.39,10,79.1
0.3,-0.42,10.07,79.2
0.25,-0.43,10.07,79.3
0.25,-0.43,10.07,79.4
0.25,-0.41,10.07,79.5
0.25,-0.44,10.06,79.6
0.26,-0.37,10,79.7
0.29,-0.38,10.05,79.8
0.29,-0.39,10.05,79.9
0.27,-0.39,10.03,80
0.3,-0.42,10.04,80.1
0.28,-0.42,10.02,80.2
0.25,-0.43,10.04,80.3
0.26,-0.4,10.07,80.4
0.28,-0.41,10.06,80.5
0.25,-0.42,10.04,80.6
0.24,-0.41,10.1,80.7
0.25,-0.41,10.11,80.8
0.27,-0.4,10.08,80.9
0.28,-0.38,10.07,81
0.28,-0.39,10.06,81.1
0.27,-0.39,10.05,81.2
0.25,-0.36,10.06,81.3
0.29,-0.41,10.05,81.4
0.28,-0.38,10.04,81.5
0.25,-0.4,10,81.6
0.25,-0.4,10,81.7
0.25,-0.41,10.06,81.8
0.26,-0.41,10.04,81.9
0.28,-0.4,10.06,82
0.28,-0.4,10.06,82.1
0.28,-0.42,10.09,82.2
0.27,-0.43,10.08,82.3
0.23,-0.38,10.06,82.4
0.26,-0.41,10.08,82.5
0.28,-0.43,10.09,82.6
0.24,-0.38,10.03,82.7
0.3,-0.39,10.07,82.8
0.3,-0.46,10.05,82.9
0.25,-0.4,10.03,83
0.25,-0.58,9.98,83.1
0.26,-0.41,9.94,83.2
0.29,-0.4,10.02,83.3
0.29,-0.43,10.04,83.4
0.27,-0.44,10.04,83.5
0.27,-0.44,10.07,83.6
0.25,-0.42,10.04,83.7
0.27,-0.42,10.05,83.8
0.25,-0.43,10.06,83.9
0.25,-0.42,10.04,84
0.25,-0.44,10,84.1
0.25,-0.4,10.04,84.2
0.25,-0.45,10.05,84.3
0.27,-0.4,10.07,84.4
0.27,-0.36,10.05,84.5
0.28,-0.42,10.01,84.6
0.26,-0.44,10.02,84.7
0.29,-0.4,10.01,84.8
0.28,-0.45,10.01,84.9
0.28,-0.43,10.08,85
0.26,-0.4,10.1,85.1
0.25,-0.4,10.07,85.2
0.3,-0.39,10.03,85.3
0.27,-0.42,10.04,85.4
0.28,-0.45,10.05,85.5
0.25,-0.41,10.09,85.6
0.23,-0.42,10.05,85.7
0.26,-0.45,10.07,85.8
0.25,-0.42,10.08,85.9
0.26,-0.4,10.05,86
0.28,-0.39,10.06,86.1
0.25,-0.41,10.08,86.2
0.26,-0.42,10.07,86.3
0.29,-0.42,10.07,86.4
0.25,-0.39,10.06,86.5
0.27,-0.41,10,86.6
0.25,-0.41,9.99,86.7
0.27,-0.42,10.02,86.8
0.25,-0.39,10.02,86.9
0.24,-0.43,10.06,87
0.26,-0.4,10.06,87.1
0.27,-0.46,10.01,87.2
0.26,-0.45,10.07,87.3
0.25,-0.41,10.04,87.4
0.25,-0.41,10.06,87.5
0.28,-0.43,10.08,87.6
0.25,-0.41,10.03,87.7
0.25,-0.38,10.07,87.8
0.25,-0.43,10.04,87.9
0.28,-0.42,10.05,88
0.28,-0.42,10.03,88.1
0.27,-0.4,10.04,88.2
0.25,-0.41,10.03,88.3
0.22,-0.36,10.05,88.4
0.25,-0.38,10.04,88.5
0.27,-0.38,10.06,88.6
0.25,-0.38,10.05,88.7
0.22,-0.44,10.03,88.8
0.24,-0.42,10.09,88.9
0.23,-0.4,10.05,89
0.25,-0.41,10.09,89.1
0.26,-0.4,10.04,89.2
0.26,-0.45,10.02,89.3
0.26,-0.44,10.05,89.4
0.29,-0.41,10.05,89.5
0.25,-0.41,10.03,89.6
0.26,-0.41,10.06,89.7
0.27,-0.43,10.04,89.8
0.44,-0.47,9.98,89.9
0.26,-0.45,10.03,90
0.25,-0.43,10.06,90.1
0.25,-0.44,10.03,90.2
0.25,-0.44,10.03,90.3
0.25,-0.39,10.05,90.4
0.21,-0.38,10.05,90.5
0.23,-0.4,10.06,90.6
0.25,-0.41,10.06,90.7
0.25,-0.38,10,90.8
0.25,-0.41,10,90.9
0.28,-0.37,10.01,91
0.24,-0.38,10,91.1
0.22,-0.4,10.02,91.2
0.25,-0.39,10.01,91.3
0.24,-0.38,10.01,91.4
0.24,-0.42,9.97,91.5
0.27,-0.38,10.04,91.6
0.22,-0.41,10.04,91.7
0.23,-0.4,9.95,91.8
0.25,-0.4,10,91.9
0.26,-0.39,10.01,92
0.26,-0.41,10.03,92.1
0.25,-0.37,10.05,92.2
0.26,-0.4,10.04,92.3
0.25,-0.42,10.02,92.4
0.25,-0.39,10.02,92.5
0.25,-0.43,10.02,92.6
0.26,-0.43,10.06,92.7
0.25,-0.44,10.03,92.8
0.26,-0.39,10.01,92.9
0.27,-0.36,10.01,93
0.25,-0.42,10.03,93.1
0.24,-0.45,10.03,93.2
0.27,-0.44,10.03,93.3
0.24,-0.4,10.06,93.4
0.27,-0.41,10.03,93.5
0.26,-0.41,10.04,93.6
0.26,-0.44,10.02,93.7
0.24,-0.4,10.01,93.8
0.25,-0.45,10.02,93.9
0.26,-0.4,10.07,94
0.28,-0.42,10.04,94.1
0.26,-0.42,9.96,94.2
0.25,-0.41,10.03,94.3
0.26,-0.41,10.02,94.4
0.25,-0.39,10.02,94.5
0.32,-0.4,10.05,94.6
0.27,-0.42,10.05,94.7
0.23,-0.43,10.05,94.8
0.23,-0.44,10.05,94.9
0.26,-0.45,10.03,95
0.25,-0.41,10.08,95.1
0.28,-0.37,10.03,95.2
0.25,-0.41,10.03,95.3
0.26,-0.39,10.04,95.4
0.25,-0.38,10.05,95.5
0.25,-0.39,10.03,95.6
0.28,-0.43,10.11,95.7
0.29,-0.43,10.1,95.8
0.27,-0.44,10.01,95.9
0.24,-0.43,10.02,96
0.26,-0.43,10.05,96.1
0.25,-0.41,10.05,96.2
0.26,-0.39,10.02,96.3
0.26,-0.39,10.05,96.4
0.25,-0.4,10.02,96.5
0.26,-0.43,10.42,96.6
0.28,-0.45,10.22,96.7
0.26,-0.39,10.04,96.8
0.25,-0.39,10.02,96.9
0.25,-0.4,10,97
0.28,-0.41,10.03,97.1
0.25,-0.41,10.06,97.2
0.24,-0.45,10.03,97.3
0.22,-0.43,10.02,97.4
0.24,-0.42,10.05,97.5
0.29,-0.38,10.06,97.6
0.25,-0.41,10.07,97.7
0.25,-0.41,10.06,97.8
0.27,-0.39,10.02,97.9
0.25,-0.39,10.05,98
0.25,-0.4,10.06,98.1
0.27,-0.4,10.03,98.2
0.22,-0.42,10.04,98.3
0.25,-0.42,10.06,98.4
0.25,-0.43,9.99,98.5
0.25,-0.42,10.04,98.6
0.26,-0.41,10.04,98.7
0.22,-0.44,10.04,98.8
0.24,-0.44,10.05,98.9
0.26,-0.41,10.07,99
0.25,-0.42,10.06,99.1
0.25,-0.42,10.05,99.2
0.24,-0.37,10.05,99.3
0.26,-0.39,10.04,99.4
0.26,-0.38,10.03,99.5
0.25,-0.37,10.02,99.6
0.26,-0.41,10.03,99.7
0.27,-0.4,10.06,99.8
0.24,-0.37,10.08,99.9
0.24,-0.38,10.03,100
0.26,-0.4,10.04,100.1
0.25,-0.41,10.01,100.2
0.24,-0.42,10.06,100.3
0.24,-0.39,10.05,100.4
0.24,-0.4,10.07,100.5
0.23,-0.41,10.04,100.6
0.25,-0.44,10.03,100.7
0.26,-0.42,10.07,100.8
0.25,-0.41,10.02,100.9
0.24,-0.42,10.01,101
0.21,-0.4,10.03,101.1
0.25,-0.36,10.07,101.2
0.25,-0.4,10.07,101.3
0.25,-0.38,10.01,101.4
0.25,-0.4,10.03,101.5
0.26,-0.39,10.03,101.6
0.27,-0.43,10.07,101.7
0.28,-0.41,10.02,101.8
0.26,-0.42,10,101.9
0.25,-0.41,10.02,102
0.26,-0.39,10.03,102.1
0.3,-0.45,10.07,102.2
0.28,-0.43,10.03,102.3
0.28,-0.44,10.04,102.4
0.28,-0.43,10.06,102.5
0.26,-0.43,10.06,102.6
0.25,-0.38,10.05,102.7
0.26,-0.37,10.02,102.8
0.28,-0.41,10.05,102.9
0.28,-0.42,10.01,103
0.26,-0.39,10.05,103.1
0.25,-0.36,10.06,103.2
0.24,-0.41,10.06,103.3
0.16,-0.55,10.24,103.4
0.2,-0.48,10.08,103.5
0.25,-0.46,10,103.6
0.22,-0.45,9.99,103.7
0.25,-0.4,10.05,103.8
0.25,-0.42,10.05,103.9
0.23,-0.44,10.02,104
0.25,-0.45,10.03,104.1
0.28,-0.38,10.01,104.2
0.26,-0.39,10.02,104.3
0.25,-0.4,10.02,104.4
0.25,-0.46,10.04,104.5
0.25,-0.39,10.02,104.6
0.27,-0.42,10.05,104.7
0.23,-0.43,10.05,104.8
0.23,-0.44,10.06,104.9
0.27,-0.43,10.06,105
0.23,-0.44,10.08,105.1
0.27,-0.43,10.06,105.2
0.29,-0.37,10.04,105.3
0.3,-0.4,10.05,105.4
0.26,-0.42,10.05,105.5
0.25,-0.42,10.07,105.6
0.26,-0.4,10.04,105.7
0.25,-0.4,10,105.8
0.25,-0.4,10.05,105.9
0.26,-0.39,10.03,106
0.26,-0.4,10,106.1
0.29,-0.42,10.03,106.2
0.23,-0.43,10.02,106.3
0.23,-0.44,10.07,106.4
0.25,-0.4,10.05,106.5
0.26,-0.41,10.02,106.6
0.25,-0.44,10.04,106.7
0.26,-0.44,10.01,106.8
0.25,-0.39,10.04,106.9
0.25,-0.41,10.02,107
0.25,-0.42,10.05,107.1
0.25,-0.37,10.06,107.2
0.25,-0.44,10.09,107.3
0.26,-0.44,10.07,107.4
0.24,-0.42,10.02,107.5
0.25,-0.42,10.06,107.6
0.26,-0.42,10.02,107.7
0.28,-0.4,10.02,107.8
0.24,-0.44,10.07,107.9
0.24,-0.42,10.05,108
0.24,-0.42,10.05,108.1
0.25,-0.41,10.08,108.2
0.27,-0.47,10.09,108.3
0.26,-0.46,10.06,108.4
0.23,-0.41,10.03,108.5
0.25,-0.43,10.03,108.6
0.25,-0.4,10.09,108.7
0.25,-0.4,10.03,108.8
0.27,-0.42,10.06,108.9
0.25,-0.44,10.04,109
0.23,-0.37,10.02,109.1
0.25,-0.43,10.01,109.2
0.29,-0.44,10.05,109.3
0.29,-0.38,10.04,109.4
0.22,-0.4,10,109.5
0.21,-0.39,10,109.6
0.25,-0.39,10.02,109.7
0.25,-0.39,10.03,109.8
0.27,-0.39,10.04,109.9
0.27,-0.36,10.02,110
0.29,-0.42,10.07,110.1
0.31,-0.4,9.58,110.2
0.26,-0.43,9.98,110.3
0.25,-0.41,10.05,110.4
0.25,-0.45,10,110.5
0.24,-0.38,10.04,110.6
0.27,-0.38,10.05,110.7
0.28,-0.39,10.03,110.8
0.27,-0.38,10.04,110.9
0.24,-0.41,10.03,111
0.25,-0.39,10.07,111.1
0.25,-0.42,9.99,111.2
0.26,-0.39,10.03,111.3
0.23,-0.39,10.06,111.4
0.26,-0.41,10.06,111.5
0.25,-0.38,10.03,111.6
0.3,-0.41,10.1,111.7
0.25,-0.42,10.05,111.8
0.25,-0.41,10.03,111.9
0.25,-0.44,9.99,112
0.27,-0.48,10.04,112.1
0.26,-0.45,10.03,112.2
0.27,-0.4,10.03,112.3
0.26,-0.38,10.03,112.4
0.23,-0.43,10.05,112.5
0.26,-0.4,10.05,112.6
0.24,-0.4,10.08,112.7
0.25,-0.4,10.01,112.8
0.24,-0.4,10.05,112.9
0.25,-0.4,10.06,113
0.25,-0.4,10.04,113.1
0.25,-0.43,9.98,113.2
0.25,-0.45,10.01,113.3
0.3,-0.41,10.05,113.4
0.26,-0.41,10.02,113.5
0.28,-0.39,10.04,113.6
0.27,-0.38,10.04,113.7
0.28,-0.4,10.03,113.8
0.27,-0.38,10.02,113.9
0.26,-0.41,10.03,114
0.25,-0.4,10.08,114.1
0.23,-0.42,10.09,114.2
0.22,-0.43,10.08,114.3
0.25,-0.41,10.03,114.4
0.25,-0.41,10.04,114.5
0.26,-0.37,10.12,114.6
0.28,-0.4,10.09,114.7
0.27,-0.42,10.09,114.8
0.28,-0.41,10.06,114.9
0.28,-0.37,10.03,115
0.29,-0.41,10.09,115.1
0.27,-0.39,10.01,115.2
0.25,-0.4,10.05,115.3
0.25,-0.4,10.03,115.4
0.25,-0.44,10,115.5
0.25,-0.42,10.04,115.6
0.26,-0.4,10.02,115.7
0.27,-0.45,10.04,115.8
0.25,-0.43,10.07,115.9
0.26,-0.4,10.08,116
0.27,-0.38,10.02,116.1
0.27,-0.39,10.02,116.2
0.26,-0.4,10.04,116.3
0.26,-0.43,10.03,116.4
0.27,-0.44,10.03,116.5
0.25,-0.39,10.03,116.6
0.24,-0.34,10.06,116.7
0.26,-0.41,10.03,116.8
0.27,-0.4,10.05,116.9
0.2,-0.42,9.9,117
0.25,-0.41,10.02,117.1
0.25,-0.42,10.07,117.2
0.25,-0.44,10.09,117.3
0.28,-0.4,10.05,117.4
0.29,-0.41,10.04,117.5
0.27,-0.4,10.06,117.6
0.29,-0.43,10.04,117.7
0.26,-0.41,10.04,117.8
0.28,-0.37,10.04,117.9
0.24,-0.42,9.99,118
0.25,-0.43,10.07,118.1
0.25,-0.4,10.09,118.2
0.27,-0.37,10.06,118.3
0.25,-0.38,10.1,118.4
0.27,-0.39,10.06,118.5
0.24,-0.44,10.03,118.6
0.27,-0.4,10.02,118.7
0.26,-0.39,10.02,118.8
0.24,-0.4,9.98,118.9
0.27,-0.4,9.98,119
0.28,-0.43,9.95,119.1
0.24,-0.39,10.01,119.2
0.25,-0.38,10.05,119.3
0.26,-0.4,10.08,119.4
0.25,-0.41,10.03,119.5
0.27,-0.45,10.09,119.6
0.22,-0.41,10.07,119.7
0.26,-0.41,10.04,119.8
0.25,-0.45,10,119.9
0.26,-0.43,10,120
0.26,-0.42,10.06,120.1
0.24,-0.44,10.08,120.2
0.24,-0.4,10.01,120.3
0.22,-0.41,10.06,120.4
0.21,-0.42,10.04,120.5
0.25,-0.42,10.02,120.6
0.26,-0.42,10,120.7
0.26,-0.4,9.99,120.8
0.25,-0.41,10.05,120.9
0.27,-0.42,10.07,121
0.25,-0.43,10.01,121.1
0.28,-0.42,10.02,121.2
0.29,-0.39,10.02,121.3
0.26,-0.41,10.07,121.4
0.26,-0.42,10.04,121.5
0.28,-0.4,10.07,121.6
0.23,-0.41,10.06,121.7
0.23,-0.46,10.03,121.8
0.25,-0.41,9.99,121.9
0.25,-0.44,10.06,122
0.25,-0.35,10.08,122.1
0.28,-0.38,10.04,122.2
0.22,-0.4,10.03,122.3
0.25,-0.36,10.01,122.4
0.25,-0.39,10.05,122.5
0.26,-0.38,10.02,122.6
0.27,-0.41,10.03,122.7
0.29,-0.41,10.03,122.8
0.28,-0.41,10.07,122.9
0.27,-0.45,10.06,123
0.25,-0.41,10.05,123.1
0.25,-0.43,10.04,123.2
0.26,-0.43,10.05,123.3
0.21,-0.42,10.06,123.4
0.25,-0.41,10.02,123.5
0.25,-0.39,10.01,123.6
0.25,-0.4,10.08,123.7
0.1,-0.3,10.05,123.8
0.24,-0.41,10.08,123.9
0.22,-0.41,10.09,124
0.26,-0.41,10.09,124.1
0.24,-0.44,10.03,124.2
0.25,-0.45,10.03,124.3
0.27,-0.43,10.07,124.4
0.27,-0.38,10.09,124.5
0.26,-0.39,10.04,124.6
0.27,-0.39,10.05,124.7
0.24,-0.42,10.03,124.8
0.25,-0.41,10.03,124.9
0.25,-0.4,10.07,125
0.26,-0.42,10.05,125.1
0.22,-0.43,10.05,125.2
0.24,-0.45,10.1,125.3
0.22,-0.43,10.01,125.4
0.25,-0.41,10.03,125.5
0.25,-0.42,10.04,125.6
0.28,-0.38,10.01,125.7
0.25,-0.4,10.03,125.8
0.25,-0.42,10.02,125.9
0.25,-0.4,10.04,126
0.27,-0.4,10.04,126.1
0.29,-0.36,10.04,126.2
0.25,-0.39,10.05,126.3
0.25,-0.39,10.06,126.4
0.26,-0.41,10.01,126.5
0.24,-0.43,10.05,126.6
0.25,-0.46,10.01,126.7
0.29,-0.41,10.02,126.8
0.23,-0.39,10.03,126.9
0.25,-0.42,10.03,127
0.23,-0.44,9.98,127.1
0.24,-0.43,10.02,127.2
0.21,-0.42,10.07,127.3
0.25,-0.4,10.1,127.4
0.27,-0.4,10.01,127.5
0.24,-0.44,10.03,127.6
0.22,-0.41,10.06,127.7
0.25,-0.42,10.02,127.8
0.21,-0.41,9.99,127.9
0.27,-0.4,10,128
0.25,-0.39,10.03,128.1
0.25,-0.39,10.01,128.2
0.25,-0.41,10.04,128.3
0.25,-0.41,10.01,128.4
0.26,-0.39,10.02,128.5
0.28,-0.39,10,128.6
0.26,-0.4,10.03,128.7
0.24,-0.42,10.07,128.8
0.26,-0.4,10.08,128.9
0.25,-0.42,10.03,129
0.27,-0.4,10.03,129.1
0.25,-0.41,10.04,129.2
0.25,-0.44,10.04,129.3
0.25,-0.4,10.03,129.4
0.24,-0.42,10.02,129.5
0.26,-0.38,10.08,129.6
0.26,-0.39,10.06,129.7
0.23,-0.42,10.03,129.8
0.27,-0.41,10,129.9
0.25,-0.4,9.98,130
0.24,-0.42,10.03,130.1
0.23,-0.39,10,130.2
0.24,-0.38,10.03,130.3
0.27,-0.42,10.05,130.4
0.26,-0.38,10.06,130.5
0.22,-0.51,10.31,130.6
0.23,-0.46,10.02,130.7
0.27,-0.41,10.03,130.8
0.28,-0.38,10.08,130.9
0.29,-0.44,10.1,131
0.29,-0.42,10.12,131.1
0.26,-0.36,10.05,131.2
0.24,-0.41,10,131.3
0.29,-0.42,10.08,131.4
0.3,-0.41,10.05,131.5
0.26,-0.44,10.03,131.6
0.28,-0.42,10.04,131.7
0.28,-0.36,10.06,131.8
0.3,-0.41,10.02,131.9
0.23,-0.38,10.04,132
0.25,-0.37,10.05,132.1
0.26,-0.39,10.04,132.2
0.28,-0.43,10.03,132.3
0.27,-0.41,10.05,132.4
0.29,-0.41,9.99,132.5
0.27,-0.42,10.01,132.6
0.26,-0.38,10.03,132.7
0.25,-0.39,10.03,132.8
0.26,-0.41,10.07,132.9
0.25,-0.41,10.05,133
0.24,-0.38,10.05,133.1
0.25,-0.39,10.06,133.2
0.25,-0.39,10.01,133.3
0.25,-0.42,10.04,133.4
0.25,-0.38,10.02,133.5
0.25,-0.42,9.99,133.6
0.25,-0.4,10,133.7
0.24,-0.35,10,133.8
0.28,-0.38,10.02,133.9
0.26,-0.36,10.03,134
0.29,-0.37,10.03,134.1
0.28,-0.4,10.08,134.2
0.28,-0.38,10.05,134.3
0.3,-0.4,10.08,134.4
0.26,-0.39,10.06,134.5
0.28,-0.4,10,134.6
0.27,-0.4,10.08,134.7
0.3,-0.39,10.06,134.8
0.27,-0.39,10.03,134.9
0.24,-0.41,10.05,135
0.27,-0.4,10.07,135.1
0.3,-0.41,10.03,135.2
0.27,-0.38,10.02,135.3
0.25,-0.38,10.04,135.4
0.25,-0.36,10.1,135.5
0.25,-0.39,10.02,135.6
0.25,-0.43,10.03,135.7
0.27,-0.4,10.04,135.8
0.26,-0.39,10.04,135.9
0.25,-0.42,10.04,136
